<?xml version='1.0' encoding='UTF-8'?>
<faces-config version="2.3" xmlns="http://xmlns.jcp.org/xml/ns/javaee"
              xmlns:xsi="http://www.w3.org/2001/XMLSchema-instance"
              xsi:schemaLocation="http://xmlns.jcp.org/xml/ns/javaee
    http://xmlns.jcp.org/xml/ns/javaee/web-facesconfig_2_3.xsd">
    <!--Main Page-->
    <navigation-rule>
        <from-view-id>/main_page.xhtml</from-view-id>
        <navigation-case>
            <from-outcome>clients</from-outcome>
            <to-view-id>/clients/clients_menu.xhtml</to-view-id>
        </navigation-case>
        <navigation-case>
            <from-outcome>rooms</from-outcome>
            <to-view-id>/rooms/rooms_menu.xhtml</to-view-id>
        </navigation-case>
        <navigation-case>
            <from-outcome>reserves</from-outcome>
            <to-view-id>/reserves/reserves_menu.xhtml</to-view-id>
        </navigation-case>
    </navigation-rule>

    <!--Clients-->
    <navigation-rule>
        <from-view-id>/clients/clients_menu.xhtml</from-view-id>
        <navigation-case>
            <from-outcome>edit</from-outcome>
            <to-view-id>/clients/clients_edit.xhtml</to-view-id>
        </navigation-case>
    </navigation-rule>
    <navigation-rule>
        <from-view-id>/clients/clients_edit.xhtml</from-view-id>
        <navigation-case>
            <from-outcome>menu</from-outcome>
            <to-view-id>/clients/clients_menu.xhtml</to-view-id>
        </navigation-case>
    </navigation-rule>

    <!--Bills-->
    <navigation-rule>
        <from-view-id>/reserves/reserves_menu.xhtml</from-view-id>
        <navigation-case>
            <from-outcome>edit</from-outcome>
            <to-view-id>/reserves/reserves_edit.xhtml</to-view-id>
        </navigation-case>
    </navigation-rule>
    <navigation-rule>
        <from-view-id>/reserves/reserves_edit.xhtml</from-view-id>
        <navigation-case>
            <from-outcome>menu</from-outcome>
            <to-view-id>/reserves/reserves_menu.xhtml</to-view-id>
        </navigation-case>
    </navigation-rule>

    <!--Services-->
    <navigation-rule>
        <from-view-id>/rooms/rooms_menu.xhtml</from-view-id>
        <navigation-case>
            <from-outcome>edit</from-outcome>
            <to-view-id>/rooms/rooms_edit.xhtml</to-view-id>
        </navigation-case>
    </navigation-rule>
    <navigation-rule>
        <from-view-id>/rooms/rooms_edit.xhtml</from-view-id>
        <navigation-case>
            <from-outcome>menu</from-outcome>
            <to-view-id>/rooms/rooms_menu.xhtml</to-view-id>
        </navigation-case>
    </navigation-rule>
</faces-config>